{
    "name":"chaytest",
    "widgetVersion": 2,
    "thumbnail":"thumbnail.png",
    "templateType":"standard",
    "pageTypes":["home"],
    "screenshot":"screenshot.jpg",
    "images":[
        "images/feature.jpg"
    ],
    "colorSwatches":
    {
        "Swatch 1": {
            "color1":"#ffffff",
            "color2":"#FBE6A1",
            "color3":"#1e1e1e",
            "color4":"#082D3A",
            "color5":"#596062",
            "color6":"#ffffff",
            "color7":"#9AA7B5"
        }
    },
    "fontSwatch": {
       "title": "Josefin Sans & Cabin",
        "font1": {
            "font-family": "\"Josefin Sans\", \"Raleway\", \"Lucida Grande\", Helvetica, sans-serif",
            "font-size": "52px",
            "font-weight": "400",
            "line-height": "48px",
            "color": "@color-swatch4",
            "letter-spacing": "0px"
        },
        "font2": {
            "font-family": "\"Josefin Sans\", \"Raleway\", \"Lucida Grande\", Helvetica, sans-serif",
            "font-size": "32px",
            "font-weight": "400",
            "line-height": "38px",
            "color": "@color-swatch4",
            "letter-spacing": "0px"
        },
        "font3": {
            "font-family": "\"Josefin Sans\", \"Raleway\", \"Lucida Grande\", Helvetica, sans-serif",
            "font-size": "22px",
            "font-weight": "400",
            "line-height": "34px",
            "color": "@color-swatch4",
            "letter-spacing": "0px"
        },
        "font4": {
            "font-family": "\"Josefin Sans\", \"Raleway\", \"Lucida Grande\", Helvetica, sans-serif",
            "font-size": "20px",
            "font-weight": "400",
            "line-height": "38px",
            "color": "@color-swatch4",
            "letter-spacing": "0px"
        },
        "font5": {
            "font-family": "\"Cabin\", \"Oswald\", Arial, sans-serif",
            "font-size": "18px",
            "font-weight": "400",
            "line-height": "30px",
            "color": "@color-swatch5",
            "letter-spacing": "0px"
        },
        "font6": {
            "font-family": "\"Josefin Sans\", \"Raleway\", \"Lucida Grande\", Helvetica, sans-serif",
            "font-size": "18px",
            "font-weight": "400",
            "line-height": "30px",
            "color": "@color-swatch6",
            "color-hover": "@color-swatch6",
            "letter-spacing": "1px",
            "background-color": "@color-swatch1",
            "background-color-hover": "@color-swatch3"
        },
        "font7": {
            "font-family": "\"Cabin\", \"Oswald\", Arial, sans-serif",
            "font-size": "16px",
            "font-weight": "400",
            "line-height": "24px",
            "color": "@color-swatch3",
            "letter-spacing": "2px",
            "background-color": "@color-swatch3",
            "background-color-hover": "@color-swatch3"
        },
        "font8": {
            "font-family": "\"Josefin Sans\", \"Raleway\", \"Lucida Grande\", Helvetica, sans-serif",
            "font-size": "56px",
            "font-weight": "400",
            "line-height": "62px",
            "color": "@color-swatch1",
            "letter-spacing": "0px"
        },
        "font9": {
            "font-family": "\"Cabin\", \"Oswald\", Arial, sans-serif",
            "font-size": "20px",
            "font-weight": "400",
            "line-height": "32px",
            "color": "@color-swatch1",
            "letter-spacing": "0px"
        },
        "font10": {
            "font-family": "\"Josefin Sans\", \"Raleway\", \"Lucida Grande\", Helvetica, sans-serif",
            "font-size": "19px",
            "font-weight": "400",
            "line-height": "30px",
            "color": "@color-swatch1",
            "letter-spacing": "2px"
        }
    },
    "styles": {
        "colors": {
            "color__primary": "#0C495E",
            "color__secondary": "#FEB904"
        },
        "site": {
            "color__body--background": "#ECE7DD",
            "color__container--background": "#ECE7DD",
            "color__link--text": "@color__secondary",
            "font__companyname--font-family": "@font-swatch10-font-family",
            "font__companyname--font-size": "24px",
            "font__companyname--line-height": "1.2",
            "font__companyname--font-weight": "700",
            "font__companyname--letter-spacing": "0px",
            "color__companyname--text": "#2B2B3C"
        },
        "navigation": {
            "font__navigation--font-family": "@font-swatch5-font-family",
            "font__navigation--font-size": "24px",
            "font__navigation--font-weight": "400",
            "font__navigation--line-height": "1",
            "font__navigation--letter-spacing": "0px",
            "color__navigation--background": "transparent",
            "color__navigation--text": "#FFFFFF",
            "color__navigation--text--selected": "#FEB904"
        },
        "header": {
            "color__header--background": "#0C495E"
        },
        "footer": {
            "color__footer--background": "darken(@color__primary, 20%)"
        },
        "typography": {
            "font__h1--font-family": "@font-swatch1-font-family",
            "font__h1--font-size": "84px",
            "font__h1--line-height": "1",
            "font__h1--font-weight": "700",
            "font__h1--letter-spacing": "0px",
            "color__h1--text": "#082D3A",
            "font__h2--font-family": "@font-swatch2-font-family",
            "font__h2--font-size": "56px",
            "font__h2--line-height": "1.1",
            "font__h2--font-weight": "700",
            "font__h2--letter-spacing": "0px",
            "color__h2--text": "#082D3A",
            "font__h3--font-family": "@font-swatch3-font-family",
            "font__h3--font-size": "40px",
            "font__h3--font-weight": "700",
            "font__h3--line-height": "1.2",
            "font__h3--letter-spacing": "0px",
            "color__h3--text": "#082D3A",
            "font__h4--font-family": "@font-swatch4-font-family",
            "font__h4--font-size": "32px",
            "font__h4--font-weight": "700",
            "font__h4--line-height": "1.2",
            "font__h4--letter-spacing": "0px",
            "color__h4--text": "#082D3A",
            "font__p--font-family": "@font-swatch5-font-family",
            "font__p--font-size": "19px",
            "font__p--font-weight": "400",
            "font__p--line-height": "1.6",
            "font__p--letter-spacing": "0px",
            "color__p--text": "#596062"
        },
        "feature": {
            "color__feature--background": "#000000",
            "color__feature-headline--text": "white",
            "color__feature-strapline--text": "white",
            "color__feature-button--text": "white",
            "color__feature-button--background": "black",
            "font__feature-headline--font-family": "@font__h1--font-family",
            "font__feature-headline--font-size": "60px",
            "font__feature-headline--font-weight": "500",
            "font__feature-headline--line-height": "1",
            "font__feature-headline--letter-spacing": "@font__h1--letter-spacing",
            "font__feature-strapline--font-family": "@font__p--font-family",
            "font__feature-strapline--font-size": "24px",
            "font__feature-strapline--font-weight": "@font__p--font-weight",
            "font__feature-strapline--line-height": "1.3",
            "font__feature-strapline--letter-spacing": "@font__p--letter-spacing"
        },
        "button": {
            "font__button--font-family": "@font-swatch5-font-family",
            "font__button--font-size": "15px",
            "font__button--font-weight": "500",
            "font__button--line-height": "1",
            "font__button--letter-spacing": "2px",
            "color__button--background": "@color__secondary",
            "color__button--text": "@color__body--background",
            "color__button--background--hover": "lighten(@color__secondary, 10%)",
            "color__button--text--hover": "@color__button--text"
        },
        "socialicons": {
            "color__socialicons--icon--background" : "#979fa1",
            "color__socialicons--icon" : "#fff"
        },
        "form": {
            "color__form-legend--text" : "#1e1e1e",
            "color__form-label--text" : "#969696",
            "color__form--background" : "#f5f5f5"
        },
        "image": {
            "color__image-caption--background": "rgba(0,0,0, 0.45)",
            "color__image-title--text": "#fff",
            "color__image-description--text": "#bebebe"
        },
        "gallery": {
            "color__gallery-caption--background" : "#fff",
            "color__gallery-title--text" : "@color__h2--text",
            "color__gallery-description--text" : "@color__p--text"
        }
    }
}